-- ============================================================
-- SEED DE DADOS — seed_dados.sql
-- Popula o banco com dados de teste em datas variadas
-- Execute DEPOIS do banco.sql
-- ============================================================

USE sistema_vendas_ge;

SET FOREIGN_KEY_CHECKS = 0;
TRUNCATE TABLE itens_pedido;
TRUNCATE TABLE itens_compra;
TRUNCATE TABLE pedidos;
TRUNCATE TABLE compras;
TRUNCATE TABLE catalogo_fornecedor;
TRUNCATE TABLE fornecedores;
TRUNCATE TABLE clientes;
TRUNCATE TABLE produtos;
TRUNCATE TABLE cidades;
TRUNCATE TABLE formas_pagamento;
TRUNCATE TABLE condicoes_pagamento;
SET FOREIGN_KEY_CHECKS = 1;

-- ── Cidades ──
INSERT INTO cidades (nome, uf) VALUES
('Belo Horizonte','MG'),
('São Paulo','SP'),
('Rio de Janeiro','RJ'),
('Juiz de Fora','MG'),
('Uberlândia','MG'),
('Curitiba','PR'),
('Porto Alegre','RS'),
('Salvador','BA'),
('Contagem','MG'),
('Vitória','ES');

-- ── Formas de pagamento ──
INSERT INTO formas_pagamento (nome, tipo) VALUES
('Dinheiro','À Vista'),
('Pix','À Vista'),
('Cartão de Crédito','À Prazo'),
('Boleto Bancário','À Prazo');

-- ── Condições de pagamento ──
INSERT INTO condicoes_pagamento (nome, parcelas, juros_parcela) VALUES
('À Vista',1,0.0),
('3x sem juros',3,0.0),
('6x com juros',6,1.99),
('12x com juros',12,2.49);

-- ── Clientes ──
INSERT INTO clientes (nome, endereco, numero, bairro, cep, cidade, cpf, email, telefone) VALUES
('Ana Beatriz Souza','Rua Paraná','114','Jardim América','38935-189','São Paulo','125.859.381-41','ana.beatriz.souza@email.com','(31) 94657-3286'),
('Carlos Eduardo Lima','Rua São João','626','Centro','39195-303','Vitória','532.132.130-21','carlos.eduardo.lima@email.com','(31) 94582-4811'),
('Débora Cristina Alves','Rua Minas Gerais','724','Floresta','35574-384','Contagem','529.325.559-85','debora.cristina.alves@email.com','(31) 95557-1106'),
('Eduardo Ferreira Costa','Rua das Flores','377','São Pedro','39891-370','Rio de Janeiro','320.881.444-23','eduardo.ferreira.costa@email.com','(31) 92519-7224'),
('Fernanda Ribeiro Dias','Rua São João','310','Jardim América','35925-691','Belo Horizonte','847.570.649-25','fernanda.ribeiro.dias@email.com','(31) 97201-2291'),
('Gustavo Henrique Melo','Rua das Flores','885','Santa Efigênia','31654-489','Juiz de Fora','821.171.146-94','gustavo.henrique.melo@email.com','(31) 94733-5741'),
('Helena Martins Rocha','Rua Sete de Setembro','224','Jardim América','34374-818','Uberlândia','564.750.954-56','helena.martins.rocha@email.com','(31) 93664-7065'),
('Igor Almeida Pereira','Rua Rio Branco','398','São Pedro','39125-324','São Paulo','723.750.275-78','igor.almeida.pereira@email.com','(31) 95010-3677'),
('Juliana Santos Cardoso','Rua Sete de Setembro','420','São Pedro','31084-316','Curitiba','963.886.894-17','juliana.santos.cardoso@email.com','(31) 94752-1525'),
('Lucas Gabriel Nunes','Rua Paraná','479','Santa Efigênia','34339-242','Vitória','997.835.422-37','lucas.gabriel.nunes@email.com','(31) 99179-7482'),
('Mariana Oliveira Freitas','Rua Sete de Setembro','234','Santa Efigênia','38348-605','Juiz de Fora','862.674.651-43','mariana.oliveira.freitas@email.com','(31) 98019-7543'),
('Natália Correia Barbosa','Rua Paraná','442','Cidade Nova','31040-494','São Paulo','873.148.981-24','natalia.correia.barbosa@email.com','(31) 93504-3621'),
('Otávio Rezende Teixeira','Rua Paraná','916','Cidade Nova','34371-887','Porto Alegre','710.579.641-42','otavio.rezende.teixeira@email.com','(31) 91188-2876'),
('Patrícia Gomes Vieira','Rua Paraná','906','Jardim América','34315-612','Curitiba','214.400.545-30','patricia.gomes.vieira@email.com','(31) 98433-1053'),
('Rafael Andrade Moreira','Rua São João','213','Santa Efigênia','36126-880','Rio de Janeiro','619.208.991-90','rafael.andrade.moreira@email.com','(31) 95889-9317'),
('Simone Batista Araújo','Rua das Flores','124','São Pedro','35038-345','Rio de Janeiro','652.897.643-10','simone.batista.araujo@email.com','(31) 96310-9005'),
('Thiago Machado Pinto','Rua das Flores','788','Cidade Nova','32060-231','Belo Horizonte','346.999.680-20','thiago.machado.pinto@email.com','(31) 92403-8962'),
('Vanessa Lopes Cunha','Rua São João','783','Jardim América','33295-830','Salvador','662.269.371-77','vanessa.lopes.cunha@email.com','(31) 97932-4470'),
('Wagner Duarte Monteiro','Rua Rio Branco','133','Santa Efigênia','33681-165','Uberlândia','508.787.765-57','wagner.duarte.monteiro@email.com','(31) 98177-9479'),
('Yasmin Carvalho Fonseca','Rua das Flores','734','Jardim América','30964-334','Curitiba','121.702.667-39','yasmin.carvalho.fonseca@email.com','(31) 94608-1117');

-- ── Produtos ──
INSERT INTO produtos (nome, unidade, preco, estoque, descricao) VALUES
('Cadeira de Escritório Ergonômica',1,189.9,40,'Cadeira giratória com apoio lombar'),
('Mesa de Escritório 120cm',1,349.0,15,'Mesa em MDF com estrutura de aço'),
('Monitor LED 24 polegadas',1,699.9,25,'Monitor Full HD com entrada HDMI'),
('Teclado Mecânico ABNT2',1,259.9,60,'Teclado mecânico com switches azuis'),
('Mouse Óptico Sem Fio',1,79.9,120,'Mouse sem fio com receptor USB'),
('Notebook 15,6" i5 8GB',1,3199.0,8,'Notebook para uso corporativo'),
('Impressora Multifuncional',1,549.9,3,'Impressora jato de tinta com scanner'),
('Headset com Microfone',1,129.9,45,'Headset USB com cancelamento de ruído'),
('Webcam Full HD',1,159.9,30,'Webcam 1080p para videoconferências'),
('Estabilizador 1000VA',1,189.0,4,'Estabilizador de energia bivolt'),
('Cabo HDMI 2 metros',1,24.9,200,'Cabo HDMI 2.0 alta definição'),
('Suporte para Monitor',1,99.9,18,'Suporte articulado de mesa'),
('Roteador Wi-Fi Dual Band',1,219.9,2,'Roteador com tecnologia AC1200'),
('Pen Drive 64GB',1,39.9,150,'Pen drive USB 3.0'),
('HD Externo 1TB',1,289.9,22,'HD externo portátil USB 3.0');

-- ── Fornecedores ──
INSERT INTO fornecedores (nome, telefone, endereco, numero, email, cnpj, cep, bairro, cidade) VALUES
('Distribuidora Tech Minas Ltda','(31) 3626-4899','Av. Getúlio Vargas','1470','contato@distribuidora.com.br','14.980.438/0001-19','37953-319','Centro','São Paulo'),
('Comercial Office Brasil','(31) 3926-7669','Av. Amazonas','293','contato@comercial.com.br','83.584.348/0001-70','31588-774','Venda Nova','Vitória'),
('Importadora Eletrônica São Paulo','(31) 3789-2612','Av. Industrial','924','contato@importadora.com.br','64.520.578/0001-16','35559-919','Distrito Industrial','Curitiba'),
('Papelaria & Cia Suprimentos','(31) 3243-7912','Av. Amazonas','670','contato@papelaria.com.br','34.294.649/0001-67','37579-355','Distrito Industrial','Juiz de Fora'),
('Móveis Corporativos MG','(31) 3653-1241','Av. Industrial','1997','contato@móveis.com.br','80.200.151/0001-93','33872-270','Venda Nova','Salvador'),
('Fornecedora Nacional de Informática','(31) 3160-3697','Av. Cristiano Machado','104','contato@fornecedora.com.br','71.318.985/0001-61','36396-371','Venda Nova','Salvador');

-- ── Catálogo de produtos por fornecedor ──
INSERT INTO catalogo_fornecedor (fornecedor_id, nome_produto, preco_custo) VALUES
(1,'Impressora Multifuncional',375.24),
(1,'Suporte para Monitor',64.67),
(1,'Pen Drive 64GB',23.46),
(1,'Webcam Full HD',94.91),
(2,'Estabilizador 1000VA',106.25),
(2,'Suporte para Monitor',61.21),
(2,'Webcam Full HD',89.55),
(3,'Webcam Full HD',89.76),
(3,'Pen Drive 64GB',26.0),
(3,'HD Externo 1TB',208.81),
(3,'Monitor LED 24 polegadas',394.54),
(4,'Cabo HDMI 2 metros',15.71),
(4,'Pen Drive 64GB',29.46),
(4,'Teclado Mecânico ABNT2',172.56),
(5,'Estabilizador 1000VA',128.8),
(5,'Cadeira de Escritório Ergonômica',125.91),
(5,'HD Externo 1TB',177.79),
(5,'Mesa de Escritório 120cm',210.15),
(5,'Impressora Multifuncional',376.1),
(6,'Teclado Mecânico ABNT2',177.86),
(6,'Mouse Óptico Sem Fio',48.74),
(6,'Impressora Multifuncional',337.22),
(6,'Monitor LED 24 polegadas',490.19);

-- ── Pedidos ──
INSERT INTO pedidos (id, cliente, forma_pagamento, condicao_pagamento, data_pedido, prazo_entrega, status, juros_percentual, valor_juros) VALUES
(1,'Rafael Andrade Moreira','Dinheiro','À Vista','2025-10-08','2025-10-10','Entregue',0.0,0.0),
(2,'Vanessa Lopes Cunha','Cartão de Crédito','À Vista','2025-11-20','2025-11-29','Entregue',0.0,0.0),
(3,'Vanessa Lopes Cunha','Pix','6x com juros','2025-10-25','2025-11-07','Faturado',1.99,194.96),
(4,'Juliana Santos Cardoso','Dinheiro','À Vista','2026-05-17','2026-05-26','Entregue',0.0,0.0),
(5,'Patrícia Gomes Vieira','Dinheiro','À Vista','2026-04-15','2026-04-25','Aberto',0.0,0.0),
(6,'Patrícia Gomes Vieira','Pix','À Vista','2026-06-10','2026-06-14','Faturado',0.0,0.0),
(7,'Igor Almeida Pereira','Dinheiro','6x com juros','2025-12-17','2025-12-29','Entregue',1.99,72.38),
(8,'Mariana Oliveira Freitas','Boleto Bancário','3x sem juros','2025-12-01','2025-12-14','Faturado',0.0,0.0),
(9,'Helena Martins Rocha','Boleto Bancário','6x com juros','2026-04-29','2026-05-04','Faturado',1.99,25.46),
(10,'Débora Cristina Alves','Cartão de Crédito','6x com juros','2026-02-16','2026-02-22','Entregue',1.99,138.16),
(11,'Carlos Eduardo Lima','Dinheiro','12x com juros','2026-06-25','2026-07-01','Faturado',2.49,52.42),
(12,'Carlos Eduardo Lima','Boleto Bancário','À Vista','2025-12-07','2025-12-13','Entregue',0.0,0.0),
(13,'Eduardo Ferreira Costa','Cartão de Crédito','6x com juros','2026-02-08','2026-02-20','Entregue',1.99,61.87),
(14,'Otávio Rezende Teixeira','Pix','6x com juros','2026-04-04','2026-04-16','Entregue',1.99,4.77),
(15,'Wagner Duarte Monteiro','Cartão de Crédito','12x com juros','2025-12-17','2025-12-25','Entregue',2.49,11.2),
(16,'Yasmin Carvalho Fonseca','Cartão de Crédito','À Vista','2026-01-24','2026-02-03','Entregue',0.0,0.0),
(17,'Carlos Eduardo Lima','Pix','12x com juros','2025-11-15','2025-11-17','Entregue',2.49,12.94),
(18,'Otávio Rezende Teixeira','Boleto Bancário','12x com juros','2026-06-22','2026-06-27','Faturado',2.49,7.22),
(19,'Gustavo Henrique Melo','Boleto Bancário','À Vista','2026-04-06','2026-04-11','Entregue',0.0,0.0),
(20,'Thiago Machado Pinto','Cartão de Crédito','12x com juros','2026-04-26','2026-05-08','Entregue',2.49,64.46),
(21,'Thiago Machado Pinto','Boleto Bancário','3x sem juros','2026-01-20','2026-02-03','Faturado',0.0,0.0),
(22,'Mariana Oliveira Freitas','Cartão de Crédito','À Vista','2025-12-30','2026-01-05','Aberto',0.0,0.0),
(23,'Patrícia Gomes Vieira','Cartão de Crédito','12x com juros','2025-10-03','2025-10-11','Entregue',2.49,72.44),
(24,'Wagner Duarte Monteiro','Boleto Bancário','12x com juros','2025-09-11','2025-09-26','Aberto',2.49,103.8),
(25,'Simone Batista Araújo','Pix','6x com juros','2026-07-06','2026-07-11','Entregue',1.99,32.83),
(26,'Gustavo Henrique Melo','Boleto Bancário','3x sem juros','2026-03-27','2026-04-09','Cancelado',0.0,0.0),
(27,'Ana Beatriz Souza','Dinheiro','12x com juros','2026-07-01','2026-07-12','Aberto',2.49,110.78),
(28,'Otávio Rezende Teixeira','Cartão de Crédito','12x com juros','2026-02-20','2026-03-06','Faturado',2.49,3.23),
(29,'Natália Correia Barbosa','Pix','À Vista','2026-06-04','2026-06-06','Entregue',0.0,0.0),
(30,'Ana Beatriz Souza','Pix','3x sem juros','2026-01-05','2026-01-10','Aberto',0.0,0.0),
(31,'Juliana Santos Cardoso','Cartão de Crédito','3x sem juros','2026-04-27','2026-05-10','Entregue',0.0,0.0),
(32,'Wagner Duarte Monteiro','Dinheiro','6x com juros','2026-02-07','2026-02-10','Entregue',1.99,84.7),
(33,'Eduardo Ferreira Costa','Dinheiro','6x com juros','2026-07-05','2026-07-19','Entregue',1.99,26.0),
(34,'Patrícia Gomes Vieira','Cartão de Crédito','12x com juros','2026-05-09','2026-05-12','Entregue',2.49,87.11),
(35,'Wagner Duarte Monteiro','Cartão de Crédito','6x com juros','2026-04-27','2026-05-05','Entregue',1.99,6.36),
(36,'Rafael Andrade Moreira','Boleto Bancário','6x com juros','2026-01-03','2026-01-17','Aberto',1.99,65.06),
(37,'Juliana Santos Cardoso','Dinheiro','3x sem juros','2026-01-22','2026-02-02','Aberto',0.0,0.0),
(38,'Igor Almeida Pereira','Boleto Bancário','3x sem juros','2025-10-18','2025-10-24','Faturado',0.0,0.0),
(39,'Rafael Andrade Moreira','Cartão de Crédito','6x com juros','2026-02-17','2026-02-24','Faturado',1.99,3.98),
(40,'Vanessa Lopes Cunha','Pix','3x sem juros','2026-02-09','2026-02-12','Faturado',0.0,0.0),
(41,'Natália Correia Barbosa','Pix','6x com juros','2026-01-30','2026-02-04','Aberto',1.99,20.49),
(42,'Fernanda Ribeiro Dias','Boleto Bancário','À Vista','2026-01-28','2026-02-10','Entregue',0.0,0.0),
(43,'Simone Batista Araújo','Dinheiro','À Vista','2026-01-08','2026-01-23','Entregue',0.0,0.0),
(44,'Wagner Duarte Monteiro','Cartão de Crédito','À Vista','2025-11-17','2025-11-21','Cancelado',0.0,0.0),
(45,'Yasmin Carvalho Fonseca','Pix','12x com juros','2026-07-08','2026-07-19','Entregue',2.49,48.16),
(46,'Eduardo Ferreira Costa','Pix','3x sem juros','2026-07-10','2026-07-23','Faturado',0.0,0.0),
(47,'Débora Cristina Alves','Pix','À Vista','2025-11-28','2025-12-08','Entregue',0.0,0.0),
(48,'Wagner Duarte Monteiro','Pix','12x com juros','2026-01-14','2026-01-28','Aberto',2.49,36.72),
(49,'Gustavo Henrique Melo','Cartão de Crédito','6x com juros','2025-10-07','2025-10-09','Entregue',1.99,86.53),
(50,'Yasmin Carvalho Fonseca','Dinheiro','12x com juros','2026-04-13','2026-04-16','Entregue',2.49,73.56),
(51,'Carlos Eduardo Lima','Pix','12x com juros','2026-01-16','2026-01-27','Entregue',2.49,73.08),
(52,'Mariana Oliveira Freitas','Cartão de Crédito','À Vista','2026-02-26','2026-03-06','Entregue',0.0,0.0),
(53,'Débora Cristina Alves','Cartão de Crédito','6x com juros','2025-09-19','2025-09-28','Faturado',1.99,32.31),
(54,'Natália Correia Barbosa','Boleto Bancário','12x com juros','2025-12-06','2025-12-16','Entregue',2.49,15.92),
(55,'Simone Batista Araújo','Dinheiro','À Vista','2026-04-13','2026-04-26','Cancelado',0.0,0.0),
(56,'Patrícia Gomes Vieira','Dinheiro','3x sem juros','2025-09-08','2025-09-18','Cancelado',0.0,0.0),
(57,'Lucas Gabriel Nunes','Cartão de Crédito','12x com juros','2025-11-18','2025-11-27','Entregue',2.49,139.4),
(58,'Débora Cristina Alves','Cartão de Crédito','12x com juros','2025-11-09','2025-11-24','Faturado',2.49,36.57),
(59,'Fernanda Ribeiro Dias','Boleto Bancário','12x com juros','2026-05-09','2026-05-24','Faturado',2.49,435.61),
(60,'Mariana Oliveira Freitas','Boleto Bancário','12x com juros','2026-03-30','2026-04-01','Entregue',2.49,30.11);

-- ── Itens do pedido ──
INSERT INTO itens_pedido (pedido_id, produto_id, qtd, preco) VALUES
(1,3,2,699.9),
(1,6,3,3199.0),
(1,2,3,349.0),
(2,15,2,289.9),
(2,11,3,24.9),
(2,2,1,349.0),
(3,12,2,99.9),
(3,6,3,3199.0),
(4,1,2,189.9),
(4,15,3,289.9),
(4,6,2,3199.0),
(5,9,3,159.9),
(5,1,5,189.9),
(6,15,3,289.9),
(7,10,2,189.0),
(7,12,2,99.9),
(7,3,4,699.9),
(7,4,1,259.9),
(8,7,1,549.9),
(9,4,2,259.9),
(9,1,4,189.9),
(10,11,1,24.9),
(10,14,1,39.9),
(10,9,3,159.9),
(10,6,2,3199.0),
(11,7,1,549.9),
(11,10,4,189.0),
(11,9,5,159.9),
(12,6,1,3199.0),
(12,7,3,549.9),
(13,7,5,549.9),
(13,12,2,99.9),
(13,5,2,79.9),
(14,5,3,79.9),
(15,9,2,159.9),
(15,8,1,129.9),
(16,11,2,24.9),
(16,5,2,79.9),
(17,8,4,129.9),
(18,15,1,289.9),
(19,8,2,129.9),
(20,14,4,39.9),
(20,9,4,159.9),
(20,8,3,129.9),
(20,3,2,699.9),
(21,12,3,99.9),
(22,7,2,549.9),
(22,12,2,99.9),
(23,14,4,39.9),
(23,7,5,549.9),
(24,5,4,79.9),
(24,13,5,219.9),
(24,7,5,549.9),
(25,7,3,549.9),
(26,15,4,289.9),
(27,3,3,699.9),
(27,1,2,189.9),
(27,5,4,79.9),
(27,7,3,549.9),
(28,8,1,129.9),
(29,13,1,219.9),
(30,10,2,189.0),
(31,13,2,219.9),
(32,7,5,549.9),
(32,12,2,99.9),
(32,4,1,259.9),
(32,2,3,349.0),
(33,2,3,349.0),
(33,9,1,159.9),
(33,11,4,24.9),
(34,3,3,699.9),
(34,12,5,99.9),
(34,9,5,159.9),
(34,11,4,24.9),
(35,5,4,79.9),
(36,3,3,699.9),
(36,8,3,129.9),
(36,4,3,259.9),
(37,8,4,129.9),
(37,9,4,159.9),
(37,13,4,219.9),
(37,4,1,259.9),
(38,8,3,129.9),
(38,9,4,159.9),
(38,14,5,39.9),
(39,12,2,99.9),
(40,5,5,79.9),
(40,12,3,99.9),
(40,10,1,189.0),
(40,9,2,159.9),
(41,5,1,79.9),
(41,1,5,189.9),
(42,8,3,129.9),
(42,15,2,289.9),
(42,14,1,39.9),
(43,10,1,189.0),
(44,9,4,159.9),
(45,5,3,79.9),
(45,14,5,39.9),
(45,10,5,189.0),
(45,7,1,549.9),
(46,3,2,699.9),
(47,5,3,79.9),
(47,1,4,189.9),
(47,4,1,259.9),
(47,15,2,289.9),
(48,11,3,24.9),
(48,3,2,699.9),
(49,12,3,99.9),
(49,5,5,79.9),
(49,15,5,289.9),
(49,7,4,549.9),
(50,1,5,189.9),
(50,2,5,349.0),
(50,4,1,259.9),
(51,15,4,289.9),
(51,5,4,79.9),
(51,3,1,699.9),
(51,10,4,189.0),
(52,7,3,549.9),
(52,12,4,99.9),
(52,8,5,129.9),
(53,14,5,39.9),
(53,9,4,159.9),
(53,1,4,189.9),
(53,11,1,24.9),
(54,5,2,79.9),
(54,9,3,159.9),
(55,12,3,99.9),
(55,3,5,699.9),
(56,8,1,129.9),
(57,4,4,259.9),
(57,8,2,129.9),
(57,9,5,159.9),
(57,3,5,699.9),
(58,14,3,39.9),
(58,1,5,189.9),
(58,5,5,79.9),
(59,8,2,129.9),
(59,6,5,3199.0),
(59,4,4,259.9),
(59,12,2,99.9),
(60,8,2,129.9),
(60,1,5,189.9);

-- ── Compras ──
INSERT INTO compras (id, fornecedor, forma_pagamento, condicao_pagamento, data_compra, previsao_entrega, status, juros_percentual, valor_juros) VALUES
(1,'Distribuidora Tech Minas Ltda','Boleto Bancário','À Vista','2026-06-30','2026-07-13','Recebida',0.0,0.0),
(2,'Importadora Eletrônica São Paulo','Cartão de Crédito','12x com juros','2025-10-09','2025-10-27','Recebida',2.49,19.97),
(3,'Distribuidora Tech Minas Ltda','Dinheiro','3x sem juros','2026-05-08','2026-05-28','Recebida',0.0,0.0),
(4,'Comercial Office Brasil','Cartão de Crédito','À Vista','2025-10-22','2025-11-08','Pendente',0.0,0.0),
(5,'Móveis Corporativos MG','Boleto Bancário','3x sem juros','2025-11-14','2025-11-24','Pendente',0.0,0.0),
(6,'Móveis Corporativos MG','Pix','3x sem juros','2026-01-02','2026-01-20','Recebida',0.0,0.0),
(7,'Comercial Office Brasil','Dinheiro','12x com juros','2026-01-26','2026-02-15','Cancelada',2.49,205.1),
(8,'Papelaria & Cia Suprimentos','Cartão de Crédito','6x com juros','2025-10-25','2025-11-04','Cancelada',1.99,64.45),
(9,'Importadora Eletrônica São Paulo','Pix','6x com juros','2025-09-26','2025-10-14','Pendente',1.99,33.52),
(10,'Fornecedora Nacional de Informática','Dinheiro','6x com juros','2025-11-10','2025-11-16','Recebida',1.99,41.91),
(11,'Importadora Eletrônica São Paulo','Boleto Bancário','3x sem juros','2025-10-17','2025-10-29','Pendente',0.0,0.0),
(12,'Distribuidora Tech Minas Ltda','Boleto Bancário','À Vista','2026-01-30','2026-02-12','Pendente',0.0,0.0),
(13,'Importadora Eletrônica São Paulo','Dinheiro','12x com juros','2026-03-23','2026-04-12','Pendente',2.49,1655.91),
(14,'Papelaria & Cia Suprimentos','Dinheiro','6x com juros','2025-10-26','2025-11-05','Cancelada',1.99,2.35),
(15,'Fornecedora Nacional de Informática','Boleto Bancário','À Vista','2026-04-26','2026-05-08','Pendente',0.0,0.0),
(16,'Comercial Office Brasil','Boleto Bancário','12x com juros','2025-12-30','2026-01-19','Recebida',2.49,261.07),
(17,'Importadora Eletrônica São Paulo','Dinheiro','6x com juros','2026-05-09','2026-05-25','Pendente',1.99,60.03),
(18,'Papelaria & Cia Suprimentos','Cartão de Crédito','3x sem juros','2026-03-03','2026-03-07','Cancelada',0.0,0.0),
(19,'Comercial Office Brasil','Pix','3x sem juros','2025-09-26','2025-10-09','Pendente',0.0,0.0),
(20,'Móveis Corporativos MG','Cartão de Crédito','3x sem juros','2025-11-14','2025-11-21','Pendente',0.0,0.0),
(21,'Distribuidora Tech Minas Ltda','Pix','6x com juros','2025-12-31','2026-01-13','Pendente',1.99,312.61),
(22,'Comercial Office Brasil','Dinheiro','6x com juros','2026-04-20','2026-05-09','Recebida',1.99,54.38),
(23,'Papelaria & Cia Suprimentos','Boleto Bancário','À Vista','2026-04-07','2026-04-13','Recebida',0.0,0.0),
(24,'Papelaria & Cia Suprimentos','Cartão de Crédito','12x com juros','2026-06-08','2026-06-21','Recebida',2.49,227.53),
(25,'Papelaria & Cia Suprimentos','Boleto Bancário','3x sem juros','2026-06-10','2026-06-19','Recebida',0.0,0.0),
(26,'Comercial Office Brasil','Boleto Bancário','À Vista','2026-01-09','2026-01-23','Pendente',0.0,0.0),
(27,'Móveis Corporativos MG','Dinheiro','6x com juros','2026-03-10','2026-03-17','Recebida',1.99,1232.22),
(28,'Móveis Corporativos MG','Cartão de Crédito','6x com juros','2025-09-27','2025-10-09','Pendente',1.99,137.41),
(29,'Papelaria & Cia Suprimentos','Dinheiro','6x com juros','2026-01-21','2026-01-31','Pendente',1.99,59.03),
(30,'Distribuidora Tech Minas Ltda','Pix','À Vista','2025-11-13','2025-11-28','Pendente',0.0,0.0),
(31,'Distribuidora Tech Minas Ltda','Pix','3x sem juros','2026-06-18','2026-06-23','Recebida',0.0,0.0),
(32,'Móveis Corporativos MG','Boleto Bancário','12x com juros','2026-04-06','2026-04-24','Recebida',2.49,1623.44),
(33,'Papelaria & Cia Suprimentos','Dinheiro','À Vista','2025-09-24','2025-10-04','Pendente',0.0,0.0),
(34,'Distribuidora Tech Minas Ltda','Dinheiro','12x com juros','2026-01-27','2026-02-09','Recebida',2.49,194.51),
(35,'Móveis Corporativos MG','Cartão de Crédito','À Vista','2025-12-27','2026-01-15','Recebida',0.0,0.0);

-- ── Itens da compra ──
INSERT INTO itens_compra (compra_id, produto_id, qtd, preco_custo) VALUES
(1,1,9,120.02),
(1,12,25,74.32),
(2,14,22,24.98),
(2,11,15,16.82),
(3,4,7,165.5),
(3,12,8,70.14),
(4,5,16,49.93),
(5,10,17,127.38),
(6,8,26,71.69),
(6,5,30,51.38),
(7,5,27,47.94),
(7,11,14,14.69),
(7,7,17,396.29),
(8,1,26,119.48),
(8,14,5,26.46),
(9,10,13,129.57),
(10,10,16,131.63),
(11,15,21,212.41),
(11,6,10,1923.86),
(11,9,20,118.88),
(12,14,26,27.72),
(13,2,26,244.23),
(13,8,13,86.63),
(13,6,25,2361.05),
(14,11,7,16.86),
(15,5,20,45.8),
(16,12,23,69.78),
(16,9,9,116.26),
(16,7,25,313.34),
(17,4,16,148.11),
(17,14,26,24.88),
(18,2,11,236.74),
(18,11,24,18.53),
(19,4,12,160.02),
(19,10,9,133.76),
(19,15,24,159.61),
(20,3,5,435.09),
(21,7,28,309.44),
(21,9,19,112.83),
(21,2,21,233.39),
(22,1,20,136.63),
(23,10,7,108.72),
(23,3,24,473.56),
(24,2,27,199.94),
(24,13,25,149.57),
(25,7,28,312.9),
(25,15,18,177.57),
(26,2,18,198.69),
(27,6,26,2361.58),
(27,14,18,28.87),
(28,4,20,154.6),
(28,3,8,433.95),
(28,11,22,15.53),
(29,12,14,73.36),
(29,13,16,121.21),
(30,4,19,160.66),
(30,7,16,336.72),
(30,14,15,28.14),
(31,11,7,15.05),
(32,2,8,211.72),
(32,6,26,2138.94),
(32,7,21,375.82),
(33,13,9,154.55),
(34,3,17,459.5),
(35,1,19,139.43),
(35,7,15,365.77),
(35,15,23,182.89);
